wallet,score
d36827efb7cdacafe9995e2675566978734c424d,100
9469c98be5afd94cd601e094bc401ddd37f480a3,100
de2e306879f8d5b682880f32c0ee5551c78377d7,100
7cb440dca092a32f2f0f7f55866477ee26d5c904,100
7059e6023a8d649205af43b0657daeec2e2ab5ec,100
792cad0389bc5b989207927567f7d1b729230645,100
02bd4446d6cd972a2000ba6b7960b5e87e88266f,100
78f9719bd561a40abab1d524ff41ad3b6b5a02a2,100
90ed08950007a5b39dc3bcacb7d02a295d8e2cf7,100
eed9902a8e5f1b2fc943896fc52cab941d9003ef,100
43824fa069b08f5186c64a6368e3f43c9fa7a6e8,100
8ea0d8e30df599019b242e9384e6c791626b6d2a,100
eec58e89996496640c8b5898a7e0218e9b6e90cb,100
36d5bcbc79d2adb837f2c009aba7e4f5b44e64ba,100
e0546c9319950fd58336e63ee5d36879b7e01ce9,100
0956b7785216a6b9904103701a7e1366eac0df63,100
edda3a6ee17a67b5283540861d26e7ea18c42d30,100
3f6e413e6b05634ab7f8785a297843ab45d36749,100
9a0794de6ee2984d33d0a0a7b263be640207c116,100
7e63ca5cfbb361b5d8e7a4314e408d483e2672ff,100
31a727b710882004c0248ff32290f51073489a81,100
c480c3fd10d8965eb74b9b53ee65bea24b2a6a73,100
c30ff8b26fc296e8704053983ce6e4409eecadd7,100
9079f13164c2d8e7bd970b8490df615436e0dacb,100
448b64c541e06fbda1136b8f1ebcd696e95fee82,100
a0c2b6d759fca871fa8de3184ab6ae773363eecd,100
88db5c7e93cec0cf337abd252bdba6c51b8e5d36,100
2f163e2d07ec580c1714e703761cd28b85ae6c46,100
629e3b8b7d86abe84e561abb1190d36812696275,100
04a8eaccae89a2ce4271f42298844cbb38364590,100
c6afac0aba6322b9af2fcb18e50572e85c993ffa,100
a6f06d6b1b1ca8b7786f67500319377e5cc4d73a,100
ae25ea30ee285756d8be2da35ed6c6f43499c58e,100
0209bc58ea2052340a8d10fa198236fb49d2b64c,100
75cf0d45af86058f87a0f95655d9b52a514f847f,100
3384d1e427597b16d7da467e25735e6b09e6863f,100
f078305e5faecbe2ba0045197798ef94e0cd5225,100
01b1b62f15c8fb5a87a27fbac7b85c33bbc48844,100
de198eca6a6079a57b05179ee6597d3deee4a2dd,100
23b6b78f386a87f9eb93392e7db4afefac6bc396,100
a5ccd262702697cda41dd97b598f4de95c596309,100
4900c0467536a5213eb3f561aaf96b47d8edf10d,100
a3e759cc8037c7236be15b8f01eb91cdd2465176,100
83d420a602b5cd560ac5fa9bbca0d5e91e4cb975,100
80b3a3e7e19868b0c244ec0dc074655c8dc5b40b,100
ccf374fdcfc5b1b28244ff94afba3464e8bf32e7,100
d8013274dbb3e5e04bcd3f5d8ca5c499e96398fc,100
832acaf870dcbf231179fdce9411af68ade2f897,100
12a0e25e62c1dbd32e505446062b26aecb65f028,100
a41401643d0fc78bbeb88bd0618a2e07f53ea3f7,100
2c910f9ffa2242d1441c801a97362bab102414be,100
1283b2ad5ec8c8265dcaffe6158527c0b8de33cc,100
a649227f5d449e9cd18f02c0953f677c70ff2f51,100
58b952ad9f38d1fc7ad6eab7c8a989e3e5719881,100
23c23b2b98a2ec867138671be7474772d7d511a0,100
2e6707236c5311030b66215367695c8616a553d5,100
12dcaca02fee29a81efc7a820061073b5a9bdeff,100
52a1b275dd789d6f5c9a727193e72e7ec5423a99,100
aa81f437162aa03c932f153b071e60318d0d644d,100
50f5da9442f3d3338010a5a3f20f1bd665039573,100
c57162bccb0666cec1d5f8a90112d3fb00405341,100
c5718aac9108e5e2b88a9f7f608056def161c46d,100
1dd905b9a27f7e8b9246ff3ec242d5a608faa8a6,100
8a7aae939940e8776fbc795ed7e7379877da0db6,100
62037ddffed599a396a3f037a0a9f5bd971d72f8,100
9f2908bcb8c2d23cbdd5cebc2011fa6f6de88df7,100
4fb595827b764c412b42b5b63450ae5a7abdeac8,100
613445f5b0750a6e1917c18620dcd45495270a7e,100
357be6f14340b1a351dde382d78f37b643a9d5da,99
d2859ae8e8ff78060f4c727b96caf6564f466ad4,99
b1417c7fb7e2308760b1ef5537f50d251faf3dbc,99
fcd18a06128e00059cfe14e8da12b9c4d833b65b,99
94ed714a6711be3c2d0666e1df91b23092443d48,99
d65478656497b3388c2c930de3bc48ac0688039d,99
ff205781433e439729801b2ca5a966f58747c254,99
9c48f03fe73fe19c695255c179df00e7df138379,99
9c351fbf025ac6adfecc260696b0c744c03c36f5,99
0a3bfd31570df77c243379606ef1fca7ddd2ec74,99
5ee058fc3e86ea6e999b034dfbfb8040ae9a4163,99
9b7a6e6b894e243e994cfaa32ea07d8a60740981,99
0f36ca3f0cc5ee27090617ffd9bde76e474ebfaa,99
5dfd0d40f475c10bd440a7aa7a95bdfcf6249030,99
53f15fe01f1d5b9b9c66d48ffc2080a316ed1589,99
3336581a28870d343e085beae4cec23f47838899,99
e0c210b3763b59c6733651809cb69c029a7f6aac,99
21a8b48bef6d9a194b0d44d22414e4896c6ae72e,99
d85d25673e6cb89d6fc6c1e9dbcc4777f0ccd2e0,99
3ea3746cc9546e709441055d4e1d691e390e2cdc,99
c440f3c87dc4b6843cabc413916220d4f4fed117,99
c49c23c4d967c7fcdeeb6d74f424054a68d12809,99
c2d86b183c86ab2884ccae8cf829d5b04a1632b9,99
27f5eb564baedb169c0c2d3a5ea1d25281d9a5e5,99
d00c9494f8a7a604be07b04a1dcca2d2b04fce6c,99
439ad0445f0de56b51a100efde135ed4be926519,99
ad6fe43fc3d9cda921f425a87225880da4ca06fd,99
e582794320fa7424a1f9db360a46446244065cb5,99
e5ef548019d63ba5f9e6d061f7c4bd8ec1ebbd77,99
359ebf68e4e0077298a366bb9c660be4c71500ed,99
7d1b68ae2665b99369e39e6bc722c127f24efeb7,99
79b062583ca4421a0c97eb3458815051e6302343,99
71e79bb242ae66db508e0a06d742b834d5046f64,99
f17cc1ed79f2c07eb976323603c18a6a9b7370b8,99
919d0db808ca9973bc851ddaabd6110336fcd6a9,99
be9ceaca6d5ec8923e39a9d16b5ce1ade453dc8c,99
366b5e858ad9c4ba3ab97d064b74964bcadca196,99
3121620381558c981788f2ecdc9e427f6c3dfca9,99
0ea698735a00195eceb4f66c35771b5592639300,99
bf705a542801f6448bfdfaa0acc5ff95ef766180,99
f37ea78c0c4c44cbfd2e117c76fbae49fde289e6,99
efdb8bc7b7c865dcc9fdc94b01789f260081f35c,99
98365d190bb3bf721b3dc67e41784b4e4b3f8ee3,99
1c025cb2b8bd4c98f55e5cae3c542acf44485501,99
5736b8ce9701c3a47a4c3a1cb3d3380a8d0de5fc,99
1bfbf203765735ee5b41ade4684b64e371b07715,99
f325048eaf8059c5e56111fac2bf42d72b5b3228,99
d06b9963da6ab24241be8603b035461f66bea1d2,99
d0fdf4718a8d080d8b31274685121bbc52b832f8,99
2570f03e91680d658d7b7a46d43670ecaa7fcd90,99
b47b65ac9064f003eba9cbccce554325a5edc5f1,99
f54e7575b9d72e13a8dfc9398308111eebae9f28,99
30ff536985e313b1bb1ce838e475d0c26d357100,99
1e27c17432abff8e314b421be50c63a42d3e95e0,99
313638c16b16183be9ae577a0fab9fc5b5f60f69,99
074a189151f868c75f8ebbe7fe90cf086b242e32,99
61e4f20102ecc7c43912c28767618633737639be,99
079e810fb5b21bb8271b12cd229b0cda888bd7bf,99
51f0d503371b6c893803f1d42e9058af8b66cd5e,99
148426fdc4c8a51b96b4bed827907b5fa6491ad0,99
4660fc290d6e5d480859e177848e584e372c5f7e,99
3e071cbfa9a0441bbdb939568b8a8b37b97b3409,99
09ceeb3e7e8583628b8eed08430e31b0549b3962,99
ba4b47a78eb0b46ec9df6cd030123bb50df2afa8,99
ba944abd6ad261b220dcc8ba6b53410cb024fcb1,99
bbb2403b89db153ac68cd22e5c9e3a88adac8cbd,99
f97f5d7a8888f00b6ba66a25a70c9d4da841d049,99
e32d5990af53ab7eb72ad41a94dbfd44812b8ae5,99
b57d38bdd7822aacc5770a04f677032f542237cc,99
e3230fcdd4b19afb36ba3e263e7a708861e13fa4,99
f976b4ea12d7fb39334f45d1a0a002f59a55b50e,99
a3d4db0795afc80d36790d470b81bdb0f7116c2c,99
f8691898d9acf937ff9552098639d8433798838c,99
f85ceba17f7fd6c61edd7961f27560ae17dde3b6,99
3b4fda83bed35a05f4863a63d1eb23676b371d14,99
64f786159ae23ebc9faa0a0f9db67bcffe2e6c9c,99
39e2c8de9251ce601d4a4f85f2c32d8c21318311,99
c8cfd988fcd1dbb09d56815c7b6da07f0fa5ca2d,99
db9e9aa6487736f413644d9a5a87fdecc35076fc,99
a0163ffb80f4b6cf9225cb600f47b9acbf0d77fb,99
c9ab9aa423cc173c21306ca216a4b095dabf8b62,99
c98b8174af17d30bb3d013dcbfd478c4f1891b15,99
4e10831924ddd32b098c270904f1c5a1769db894,99
4dd58550eb15190a5b3dfae28bb14eec181fc267,99
480b4f0342578885e086b847b9095fd80b8b448c,99
47ccfe60f534cb9019e8646520a4ced38aa8cf84,99
1e78c54beaf6884df07d2387311d1ba23c818820,99
c7459af92f70474a1ed79ee39a83ef6a53cd6cfc,99
083593f78d876d68fd42bbd8c9f316882e415718,99
c7e5f2f61d7612406e3b920b5ab743db4ea3253d,99
6beff9ca3c621044f04a006aa90d5be74f02ff8a,99
e95b85d96cf89828e34daa951ce558c99b40bdc8,99
46c6c9163dca35fc369595559e60db5c7e6ddf90,99
f8dbbd48a5295d0757e2167a804022f03a1506cd,99
8512fe60f40065e83850079423723291cf289c18,99
8630feb2bb10bbc2d0a760b9773bc932804953f4,99
e1fc25a9ba214c9cb4e5d18e587aac722a1e5997,99
68d7e7a2d53a0a03d773bbccf83254e6b82784e7,99
2b546d8c42f6b74e9c50455d0b8577e26662387e,99
cf7c944369c4229f52c6b0bf8116917950a5579e,99
1321899fdb787053189bb5876c71da96a170835e,99
cc59f4cec3ecc98879da3033ad86d72943bb8bd1,99
a23074a6582885fd185f196791fa56f94bfb14dd,99
12bb7c38ef14c9edacc864c854c8105c8d7c7892,99
ea1647d7c896ffdc3ead8d409fd2b02a1f8f3fb6,99
683561efc1621dac6e7eb022ed7a26b64ef9b64d,99
f7491aeb4db8d7c0192b79cb941903b5ea1e9c8d,99
4a1e2e44147a96ff74304eee9050f24f2c5fd5f5,99
b6be476fe780da097da08c63bf89114f7fda903a,99
b6c712a477cda8374c9794d94c53d4d470984a7c,99
cb1ac7d365feca8ba3dcf9dec04ed19c9f980d0e,99
b696ff65d490aef049c1ecf53b2e8cb08cf580dd,99
d986005d25bfdb3fd216e58f5b9a09677832e6cd,99
b6d2fe1895c7bbe3d045ca7576c893b2223b4291,99
f8a027e44d0c3166676017f9f722e1f00edc5171,99
65b0bf8ee4947edd2a500d74e50a3d757dc79de0,99
d53795135c13b43ba1b78eb698e1b76858132ba2,99
57cef05bbf07faa8e70c9cc0e8674eea1a69f8ac,99
a5e1e9aab0f75a99878583368fc7384841c19684,99
965c0ebb026fa306d2e9f96f37b42704fbcff64e,99
58b4afc46d4e18d690350570e98f2ff27ffc8045,99
95c28cfd540cdd2d3513a7f6c2a45c2d87c05295,99
0c1264679f8a2bc5bb79364818df6a41412608c2,99
95af0740306366c001714c630e6bcbfc51648661,99
0c08717e882ab36ddaa97f4708458475f9fef0b7,99
7acea3e66160d11c7dec0f6c76f9c740a77db64d,99
57c80ddae73d9c5662f86db5ca6301f0bc723f5b,99
d26bafe6649054525e6e882d14602743467123f6,99
7b483f380313d4242ff9692060058150d7e0f379,99
ae12255fed0f1099d14fb559c46e177a5bf0308d,99
ae8b2e2810ee74b75e4b8e3e06b7fca855e065bf,99
42f7ff9cc0ba30e2577a2f97f2634cd6fde13b15,99
42c0e8d74a54900680807188590eec09f095bf29,99
ae4281d74056f3975941b66daf324bb893279cf0,99
00af09973052d749f6a95071da1dcbe2c557cc15,99
35c4fae96d73f2b1add4b9d27d5cfc3914b004b3,98
e6dd70f07da89ee90bf1a676c7192804dc3704d0,98
156d46c0b0c5d6de74fce82ef063e615a068c061,98
00d3616e6ceb7e33605e12530f2d58dc806372ec,98
39415255619783a2e71fcf7d8f708a951d92e1b6,98
bb9250c4d860d15da0015f6cfe041aba4ccdf453,98
bbb517efa4bf93292ff202f5366b246e400a1ae6,98
7f737d9f92d3d03684d1ee568ff4abf65efac453,98
5e68ff1ba096fe4bf00b6f28f3f7ba3fd20d027d,98
09a2405a077295e6f75901526f26c162346c1d96,98
52121adea155c79b71163e68f9e060ccbf689882,98
3e34819845d886de687c59f7ad64426184f29c3e,98
0f31e524ca0c3812cccdca418bde8ee37dbdf9ef,98
ed628e601012cc6fd57dc0cede2a527cdc86a221,98
54d7469d03ae24d60094005c2746fa813335bda6,98
f642912af7a7fabf4339cc1e06a29e00742c072a,98
f6524219a8618765962250b3594698bb379e1e4d,98
4620963d572e094f834570873ae715d40934c9af,98
a1573f794c97ac60396cf222315a2c73a4f7c2e1,98
1198e4f22f4f45e51fa717b6208455a3c59fa317,98
69d661dc31fb132c39ffe2751a757d06fd7264ec,98
b770d646a7def08adf46905a0109887ba4062ea2,98
e0dea8efb4709cabe95384b08147945ef6bb6790,98
b95c18ad925c5f66d7a08817d86ab512aee386f4,98
cef301c79f24c47e73dc566de730262d9192cdd7,98
5accbad264165fdb4a3ec7462b4cf5b4ea4ae28e,98
2b10e1970ba95c27c6fe3d496dd5d624a1e68d56,98
cbfd6ea8537b5a558aa058b603aa1256047f2ad5,98
3c9d3d154ef97e5f48f7a987b5610d296669c5e8,98
ce32ac9f8e75714c0f0edcb5cfd2591c7380938b,98
0598d2c365a5661032a91da03ed74e298ceea67b,98
65c9e6e0cb97c06767a069c68c9e71c12483cca4,98
8be346847f6e99a9aef159467dabf5e401255c37,98
08fa21af985591e775523ef161f023764175a932,98
1488888450642fa7c0c0f3e78a6e1443ca68dabb,98
1516e26846214b447a919dcd0d6f5a6425f95707,98
7fe1319b93d805a7c61f2e2f5a4bfeaa0f5e8ba4,98
6c8e74c87db683c2f3334f2b5b8df6107031769a,98
8d55e7de182dcc7a6627fd424cc0a3a00e049465,98
08c2828ec23eaa2434861cedf8469572c2fd2ea7,98
9e10858b1e5e6dddc092e494cedc44e99c3f9779,98
7e5cc565910c49b5e2b8e3d937427efa259eff0c,98
211c8f2f3b9a9dfc7eaf4fe3b24946977077d406,98
b5c9dbce29cb425a91438deae444b661cfdd2955,98
b533c604d18a8228e6f84f3c517ff8553ed766c1,98
5d0ae0887149d5866424bc18e5d62d5871badb9c,98
8fe17ea35076a7c742fc8749b01786cdc95c6bc6,98
32931a8cb436f9a578e17fce911d5fcfddd2d45c,98
328ba3eae00165f7a90f59c6d7a9891234a68e27,98
43baebb562fc5c5faa19b29be2a95e12449bde44,98
f455503dcc8b37f89dcd566539a2c633618e9256,98
bcb377559db6182ed4006fac2e2287aabf099e53,98
37fb859ca36f6865e91e64a86c8fbe5f5da6c2a0,98
4f0181113f705fa944a001b1ee3408df5e0b97c3,98
361f5437a32a386d77e40a383a11b56008781691,98
92456751eb7885a5536d05e9e7ba6aa793df0060,98
3c0e0842368ccb8340c14bd89db673ffdef77caa,98
550510d73cdd9a2cd97b1c2f9e47848a12da1eaf,98
1b67c9a4e8d361062d8e58b2ba6642d19b7f0cef,98
879bf9e4294cdfe6e06ca596ac247c78851469b6,98
4c75e503b4195fa30da9d73f2164bdca275dcce0,98
d97f2164f33a020b69a09e9331d96a4454066730,98
b61f9df1ce5565e4d3c788db096b3cd8b6f56abb,98
51d2576f6d0ad881e86c3cc304e1e22a4b9a5652,98
13d0c61b2ada426fd8de3c47a3f2f8d2b4159af2,98
a8b6a1ff91a3506e05224ba87b2dc2c315b4057f,98
df60cd005915fe83100a948c3cc074391df5a9ec,98
50befef9274517a9d1efba3aa8c60cc10c1a7d91,98
3a48efb3e4c7560077f9ea48d161b4431c735a8f,98
4fd693f57e63714591a07a73a4d7ad84e5ccde10,98
9f8e83e434092fd7df3fe2fc52d42f0252e60311,98
084f6dda712985b973e227a521aa7be6465c51f0,98
080c1ee5df627c56a849a04c46af1f533ee290bc,98
201df8201d9d0db92a45a21a50e4fcbb00b18839,98
050d4a19c3e3d17e1252861694cead0045e78e01,98
07fbee859f7f6b508cf223da9431b7a7265d0b70,98
c6fc3631480c5f12a7ea9aaa35af32fd53976035,98
e9527aee47366b3bde920587b47793bad42ee6fd,98
629b3d951c52f5f9797e2e5621dfdf57acceedbb,98
d9ff5c426524e2c67eec3c9a987941d58ac872ef,98
6c29930daf759bdd2482cd3cf63d4ef8b48cd8bf,98
80cd9d5765a8e19835f046978eba04401c8c9d69,98
8102403bda5db8f289a98fb2e09f67c0dc1b6579,98
809a4c8d088a8ace4d917fd476617a857edd3f58,98
f928ec5c8f464bb7a9a4ab71d7365c89792d905e,98
e8c4c68ea6af2fb6147082ef4a71265826a33da4,98
045ebc532819d480b5892f793dbe30af1fda7ed3,98
032e7b7844af956448f5fdfbd23834952b60678a,98
050581805e5587419781856cffa0dfce1f49d44c,98
830c5d312d507ddb066192d34dd6441737e127c8,98
cceff7d26ce54d4544af4095e7f931b74fbb9c67,98
4d839009bfb07f5a0a042ec7e2f3db817bee56c9,98
c86f7447360c98fe20a1a6c807b054107ee23d8d,98
a0f1aee861430d8a1e1de094d3b756a573b244fc,98
3a58cfeea62ca521645ca187c73ff380bc343e58,98
8955955023e77631ff99f30ea89ad0ae5445bd77,98
17573cfaff68f509388c634d77a81a2cbef57451,98
8fc16ce4b7df6535106f0d279add71ea1f0eb35b,98
8fc32f2ab3de2a24544d6c3b7a9d6c6ef6e6561c,98
571bf7194ffb46a2c529dc894153b4415f35fd6b,98
bf48602047dc9f72ab437e9c893ce15cfb33089d,98
efa7a84197130239d025bb0aee59c8e782c72571,98
0dd6a8de365b2800f828e95feef637027cebfdc6,98
d249212f87d6be413a7883552f37777204f4e5e2,98
d0ef200fbf461bcb8cd0eaa7458064b0b82ddf8e,98
e6bb53b3a2e8fc73c0431f9efa51c8dbc4706409,98
2cede2b6caa201978cfc0c46058e471bce349c7c,98
0bf73596b85cabec6b0b4e73ae18bc8cce7a6f29,98
f132fcc4c8ac650a730229d9d3c8d2546e1b3413,98
59433d119fdae185d15c4f58c9896f159d7ee5d4,98
94e5695be5e3af0c10688c275ad8dd02a29e4adb,98
8567ce609dcdb7cfef009e3a7e5c9818beca77e5,98
0c973b17d8a21016e776842803357f71770b2372,98
48ed68e7c9d61657d59d1067338347aff86001b8,98
13c45bc995f054c817c13d4e4e3a6a24b706b827,98
ea088ae65ab1c7774e0913361f68bbd976bda7b8,98
6738b753fb827f1c67514ebb3d400210eb156947,98
960de9907a2e2f5363646d48d7fb675cd2892e91,98
ca3ca50903338747931380f363cca226b760c9eb,98
2259fcb55f3477163f0f1c3b548899e4c35e5e1c,98
d2ec49dddbdb1f0f839b15088b0fe26fb7969d70,98
729170d38dd5449604f35f349fdfcc9ad08257cd,98
fd05f0d167d01228225bd232fd6ef823ad77438f,98
d2d8e2bcb6bf2b7110804b7219313192deaf4b19,98
1674aca0220c10afc4b70cbb2721b3613974bd9f,98
ff770424739a77b8990632c75ed859b74c0ef749,98
222fdd6e4e2836358b6af5539565eeae3aa9947a,98
1c0a8dd3c93f348a25f8ab4dc9a98f1d11b66d5c,98
fea0d55a4333d8f59e41e3ac04abd661beee7980,98
b1778d05dc0b535d016e7165020e19e5927537e8,98
33512591c26caa57040747a4524a5937876a7f76,98
b1b53aeecf7521e2c415179bfcb0ee0f855690e5,98
adeeb9d09b8bcee10943198fb6f6a4229bab3675,98
adff3ada12ed0f8a87e31e5a04dfd2ee054e1118,98
e5af3696df1a0667e7988ad935bf7d465ebbf434,98
7777238023ba22d86266a5fe43d0b6e17d05d2c5,97
1d7f4ec86d8cf76458143da658f30b7e1420cde1,97
d573f0c39a21610393d645bc393c59063d07045b,97
ffe5fac7641560000e3cbd9a25b54582b1fb204f,97
172ff17e137f470f1fa99a2f81a971fe996f24b5,97
fea876e063eec457541fe1576b5cf06837a4c053,97
0039f22efb07a647557c7c5d17854cfd6d489ef3,97
7686c25eb06ecfcd5f30246e1ad118d57dc7f4fc,97
77eb9812a8d380f63478211e011ee289d19931bd,97
77f7d6481922854f84070b3f50636cd767dbccea,97
22df2d794daa012ab45fbfd9939b7d7d656acccd,97
d4365052cea217a385a746c40fa682366b019011,97
6e6e1c963f18dcddadd5d44a14720bdbb762823c,97
6e56e7ff87b9d28bfa3eb58aff1c4ecc0955b25e,97
d732c6d15bcfafd4364692e4ed40c9ea21bd93c1,97
21c62f121c1f6a39eddb37a092c29379aeaf1ec1,97
a5f1d12e8594e20bef034c82a348e149286e14bf,97
2c35ddb530a24b71112c9d8acea592b7f68d9265,97
5b55ec557a98ce1690c8ba1683aa73fc4e84e61a,97
7d3079e12899ed4c943920ebe4c3c5ec900c7c9d,97
d7b2879c8922cd704e41e8cc1f18f6994d6b7c36,97
d1b8a58b02bdee6020262d9cc369b1c77a6e7430,97
4346762b4a34fbfcf02cd11cde8c973b5f4c80f4,97
436ef8ca807c99fc32e48ee3abf0307ab4381705,97
97944e369a1af4040816f157134edca8e9f82ecd,97
11ca79b27da66d2dce6ba3aba408914e67394b67,97
ecaa10c7fb3b892ba324c0dbd38084f0e068c122,97
63171073ceffe448a9324687d48d016ec3d8b4c6,97
892b627053d23e7d65ea818b2d5018f526b90ae6,97
6f09ef3d1ece52e9c26e1ee2b004a93c7107ab0c,97
6934a8eb5a485abe1970a5ab29b3a752f800700b,97
132cd02e566c36976efb327a4301a605747f4b78,97
c7734abb61974ed0a989f6efd836dab158f59e09,97
c6a50a5753a2a73e15c80dbefbfcfffb77d0a6f5,97
898d30e6923f3e2abc376e36f143c6aeeb8d2b61,97
f5386ab9df2fcb0afc6fae5ffa9a27214eb66ebc,97
8a8a429781eeabe3c3c97172b1189fa0fee5e835,97
89c745c97495644a44d19654c8adcaaacb7ec263,97
050675cd875de9728a77b6b558d107f56ec50521,97
db05bb0e744e710b98522081c6650d15fbcad48e,97
ebebc6b04e844ab5498f29b1083b11d06249ae83,97
118affd37fbdbd4599dd492df3a01a3c4c360aff,97
3a42a8819ba3b31ef391ae4b8eb77cf8273fe764,97
9e910342eb75d25ed7d0e0c88bc95ae57d4ecf0e,97
4f88919f99d37b96d2da5733e8f48e6c1798c39d,97
5063d131c4119f7129d2ccda63a816b21d6f4859,97
8989759b3e23511214ac89be112f4eb52cb6db3c,97
9f45cea48c927040e4fa3da8631b47eb5f5364ae,97
8c52ec3bacde4cd7e7b6ab283b1836cc0d34b5bd,97
dcb1091ba7cc6ff2b2a8d7f40bebd4a3d372c695,97
1e97f828eb92652fab0159b17f841f8cacf1ca0b,97
ec4e94d46391a615088a9acf593d765f6ac7ed5f,97
9d9d28c9a6dcd39dcac9bad14acd70427d4d29f0,97
a7580972de00c769a42ca4cc42f59a30884726d0,97
a761d8b9836d8eaaab535dd330a730c859241a4f,97
bd9b4b20fccdeeb380fddbc99eca630095c1b9a2,97
f58cba27c683bc918566cbac888d3fab5bf076a0,97
a4dad10a3d6055fcd68539b12cfad2ae8babc338,97
a44ccd91bf53cbaf57f188d95b2107bdc458be93,97
a4340b50fdacee52ebc8d2ab18b46cfd08208107,97
b2efed7767c53e919cba3cc725fefeafea6f5412,97
ab98b4a0470c530ec1a63d5369c0787f76cf6b1f,97
ac0c75c77fb9a4f9273c8893a159d1e998a2782e,97
c479501d96f67c1adc7ed30e0ee5b3ab890a23a8,97
d8928cb13f2e56cff3ee10db05b485b061888529,97
bdfd7125408363bfa36b8e83753b53dd695eef24,97
181c2d506b4aad984e3a98f09ac8eaf895671599,97
decf51d5a05cbe361c577b13bbfc2dd5d0be4bf5,97
f225184a5412d93fce0fca522928c44bfb08dcba,97
922c758bd035da2406022bd5d25e75b6ed184160,97
990428e696684dd85e3ac268d8bef63ee5d864dc,97
bc82ffebbc8b0241872d73b6b76747f9cc415e3f,97
e03ffe4cce71b39ae1a8580aa94aa40ba611c820,97
a112ad9d74eecec50f3230d3245a90182d8fd701,97
ea6f24d7f456c4c1d6c99cd51aa7bb5277f5042f,97
5d896e1ef2ee72bf57d62eeca85a5f643aaf565a,97
c2de1c6f3340c5b7a3e0a5069396eab51383563b,97
17769093721bdc8ed261bc1e583cd078c6375b4c,97
e5c3f63f8621b75fb6c4148180e265a75f5d2995,97
3e7a1536a925d5fdfc3c074f0a57f78fa01460eb,97
3329129b6be4b66fdd9416a568cd36ada35cb97a,97
b5a3fb39e1a4a1623758d4f65cb484c9a6f244e5,97
bbc6a25725a683a1da0d4fe8895f430d3ed04eca,97
8ddd5bdefdbd78ad3b056efbda882cd1ce3ac03e,97
616a3f8cfeef2639025ed9db7bece972553ebe3e,97
140297e2a62241359d740ca84ce5e434419628f0,97
a951b9c8c280aa965fe3860650f123c1aad42eb4,97
a9ed59f14903aa3409fd6765d053f186ac4d01ef,97
4614d44189dce23df19c5e7859a139a86293f42d,97
d30ffc6163d2c0b0887aaa1d6a821b3e50bf4def,97
3d00ea4b3b402fd7a8c03ffe9dae13139e28bc92,97
f76cb72ecfa276d8d64a24f54a94554e2da8f712,97
f77a46c229fa299032dead8db01cceadb432b0b2,97
2dabb24e53b5d14980cb9df20d05bcfd3a9f4b0f,97
69bf12e4aaab9fa44d8ee15cf54bdc4c78c68507,97
f826c9483f92b261cd5dff796c1f339cee418972,97
6b108433be59e917efa929e5f3e95acdbd2d59b9,97
81f46fa0fad57204ada4bad8442101060a777a34,97
ce4694087644b6b6262090c8a08639379f5eaab8,97
2a43e1939fc6fdf9ba70693d70316ac86cb4b7ef,97
20a37a8e185e48a2690f339b6d0792e9383511ab,97
79ad50b87d8e2da2074822589cd320deb899ad50,97
701ac6d5fb103f47d8f21a5c76a575c6a323ca81,97
6ba7764bba836b26e40047dbd99bed0a5bab3169,97
cd85346a0913cce237123b634c48853220ed1363,97
a393152d879b9cccb6e4d1801475ad64f1d3138b,97
a143d719a4236204e09f69c3c25e221242abe570,97
87d7a9429a6cf3ec4e71b9b51c0e91bc7b0da8ba,97
63066be67c09d2452cd33914671ad7f96400251c,97
076455ae6bd557f6df5d50a6ec2562c03f0f2da6,97
6d0f24e1870d1ff381888cb90de769a4e8923d29,97
f9c8338a25ef32974e5f3edd98b58c71cf8b0f18,97
52b555d3c162ea2c1664bcf56ff02981bc5f4480,97
9cc73367791fc0ca969b529b0b2856fa54c77723,97
8ebd75b1e59807675755ee00aee2b48f85dfd1e2,97
f2f27c6bee624631d813b22a50dccf3b65c0e6a3,97
8cf69450429a17c01605ffce8c0218938a4fbc37,97
0963262a868ebe3c716424ec82b8ab7f0f7cd249,97
530bf34aa8aebf13a2b8d96263e0ac1ae5743a43,97
baf99ed5b5663329fa417953007afcc60f06f781,97
e185699f712984cacd47373b53b446d9b6723edb,97
8ea7777724b5e74d7904a2ffc3a3dd1d0ab04fc4,97
0c4b47d7eb199e6ed3bf0af6fe2ab33df7faeeeb,97
d63828877db71f9e51f436b01df8833c03448a40,97
aee56241961ca8a9270253737c782e3406fafafc,97
1bde3b361e8f61e6285dfb5b27c909ad91ea5d17,97
756062ca46feeb360f27765470982d08aebe0e63,97
e692840875b84bffc7402bd199d615d7af57e1cd,97
e6683d7979bac777f68512e58d0ef19a3180e338,97
349cb211c87d8a71b4c82b8ad778c679c783d221,97
0222ba0731fa7f3c3652180a6fecef7075b632ad,97
0249e001959568b0f9cd330ce0ee9a677699e0b5,97
7b2404f9324680ff7b76038d838f096ae751d7e2,97
bf44991c11165e894fae297285615e97ffd46716,97
42908567c262c703bc58a14bd343a1b4c69b7827,96
df388a9338aa924587bf91437760f02ecf425cbf,96
568f968d8c197b6d47dfe0bbcffe7acf7f9983b0,96
7bec434244df27ec9475d1973aee3d03ac2cbeb4,96
6fd3d5dc46e49be296c934b97533123c86229999,96
fac34fb5b0556f23d890cd33148cea5532e7f9f6,96
5cb7290485dacee87e884dd751c4a3950fe41457,96
5a0fcb45d2ffa6c2e9ec1ac3289d56537792f956,96
1ccd138fecfc6b4074d6032f4037b6c6021653c7,96
2d3f907b0cf2c7d3c2ba4cbc72971081ffcea963,96
da9cb21f6b662eb972ecc8fd358a1fdab0811977,96
da5b2cd0d0bb26e79fb3210233ddabdb7de131c9,96
82fac0213c174b2c37cd1b78b88d00841801a5f7,96
4ab8e4b66e40d4701ceba17db1b2cba07993c7b3,96
a3ef176f436debe226374158b7dfaa439c78c5d8,96
da9d126dbb5026f7a10447d4ced3c1592b9d40cb,96
d4af9844c32f45646438cdb6291273632c40e386,96
74ce4e83f51df964508371233776b5c61e955bd7,96
d53c6df718a779010b4867fa4b5e538fa6c85f04,96
769dcd2c6dfed290c799a3a0d098f95d8baee145,96
ba7968c93c4766883778072be3ef8713363cfb32,96
bb1d287db93ea323a0328d1b58f893ac919b74a2,96
8e8c5116828163e1b15b1404b95a9918753501b0,96
8f3683a45c4c8a08ff139f95bf53d8278a490faa,96
5ef01a9ab62f700bb0bcc0f11f9cf7aa8fc543fd,96
8e99c2b3730c136ba2459777ae30c8e8467851b7,96
fb390441ff968f7569cd6f3cf01cb7214dfeed31,96
9c447cec8852ffa1adf4e8c21c11ebbda5928c60,96
520cf366149d9226f3fdfd876916ff8509418f80,96
6278e3e957e1aa5509a105cd90e80fae095f52aa,96
8877bcb2223682048badd5b09b7ee5a8fa2f3424,96
45ecfe9998e4673c53667a7369462aa6962f18c9,96
b400cd43dc25db30c07e665903a052ac120c30ad,96
3e1218cdeb98db8d6d36775733df1471382a476e,96
8b9a9f2c6d61eb93edaa92e718eb9772247d9ad2,96
8bc6b3fd67be8d0ad383b71e6f6b1fbafe0716e8,96
537f25d07455cbdbdd5e16f52b216e814cd1bf7e,96
533199c56d81ab3cc93e267f349e08c3263a6516,96
bc1f09569b8fee4602918a4f228e69b83de6e094,96
8cac97395db07b31c3bb1e93e9d384ac8197c180,96
8d345efed3042807bfc5f70a1d310ae8859a6508,96
3d65818ddc44125d7f5bfce57eaa8164e871e36d,96
6ed2c4e76c267707892356d0976a38dd3a8b46b0,96
ad8ea567be66ead9f54a733b3a5d51946161d9e1,96
fa1072bd894207c06665a8c190798cdcf7098ee8,96
20d2619478c250fb8645fbe24d26e7e67defd07e,96
90a28661afbbad682dbaa393307da8b3414cd12b,96
c454ac2e71d964bd83cd23f8dd49c6a81aa6fc90,96
c474f7a7befcdb1d325d9897172962f8c02c78a8,96
e40fabda54d687439d2d486f7f07d17ba35accc9,96
ad84f4dd1732c1264f56c65ad2f93cc5315396a3,96
bd8bf5db136c819de66987452a35431e7c8762ea,96
0974483eb297472e469bf61ca7d936e859e90f74,96
e7f0079a0131ac252f15d4ea8b67c9c608229043,96
143a0a489f1a83c5da2395053422819d2a0e6152,96
144900fb5384a057c092116bff381314577fcf0e,96
3133aa140c399dbb742f0c990e222029d4277867,96
0869235718d79957c4e58f231904060775422742,96
dbb13b795e9c5c22ab588ca70025eced7b807459,96
ed4969c7f324240c62ce97afd92243a9ce6746a0,96
105149b1ec5fae473d73f2461b26a436eb21561a,96
f409632188e9bbb9fb4a5fcaf3d47163be056bb3,96
1dce25415d54e6bc694aafa6cd5e650d28bb786a,96
315be4e2000f30cbb9a3eadb6ae77d031caff31f,96
10cd843c28fe86175c4aa5015ab8b9f5729dafc7,96
5006090e1e8ed9bfe64a42d1ef62d10466094753,96
105ce42677935e83e6ecc60b6bf7205d0714afe3,96
db38f244a904eb5dec12ee3d3b40196fa40fb662,96
8a0bfe04d175d345b5fdcd3e9ca5d00b608ce6a3,96
62c78992e771503648a831276fa35ac442ed4447,96
3047ff7ea72c3aa743af67f49e0f6a5709edf7dc,96
802589926e65e35db2938ff1783c1d1b392bf38f,96
8417934f3780cfb1a395af941550ac8d462f43cb,96
2bb1b3510a1f609cbc74b98b3eb622cfcc3be16e,96
1e4541f19c7bb591c1787fed6963df6d88e6a76c,96
03a7f219e8ec8c367e9d359243256587aac35c94,96
13f5617656843de07fea3a605e620ec535ed52be,96
ed1e2b03928c17dc1782d846cbc48659f3a31be4,96
4de57bff44c444ce98b649f2260699e2e5c5e718,96
4deb64dd67df8f346b9fa26dd389e96405c3a3f1,96
889532dabbada64b560ce158849a8b37316e6f53,96
88edc1f879a90706b5ec331c24d76c579c889883,96
63db4009f0c303d1d7aa2da515306637a80f10cd,96
ec5fc7e591b716348696c1be1dbcc40149995cb6,96
bd48939cccd34f006b049b26bba34a68e918ec5d,96
56171a18f01f98788dc39802322cbf10a36d120f,96
1b976af94caa1d9b2fe5ed038ef9818dd6d48870,96
be625e5055aa83748e67dae0ca8609729e01bde5,96
1d30494f572ece07b13b0460bbe83cb1cee960e7,96
91400be76b7171cf932ae252390d2b60e2c73013,96
54ef989864ec53e7e8ac1bb25cbf616328f1469a,96
eed31667ac6ee590b68aa11301881b7291f988e9,96
ee8e1d7f62dea883189aaf60fb78d2c584839036,96
0e96c748bd06ede1ca058e964a14544cd51e8125,96
ab3b78d0d999930863d092ac1dbed66fe9fdec37,96
9a1c5c0021ed04ec8e06d6d62415d862c22b2975,96
a50ecb238bfa1b1c9050c58cf3e99c99260c4ed1,96
b8639bee91434ff8d27c8b3ce3dda78ab84a3f23,96
b946a1e0dc3ca336ab110c04a387bffe9df8226a,96
650858987c1c9dede58db385c50649668e817887,96
f732e9c5a86871c75f722fd7c2e4d09ed0736031,96
876b71aa426fad5127910d3cc792e818b8229cf1,96
b7fee4f0e877a348481355fff757d8a079a2a48b,96
b7795377cd00ab0464a3f7b0850d6c920d2938ae,96
1a58a12d0331c5631e31a291df5d5817def29f77,96
2bb9800828146bdae16e330cabeb5245d8d810c9,96
a65776c5d0fb334458b0d160caa0ae98c8794812,96
a1ed93bf44ba35f1e8ebfb4d104a0e109337a5aa,96
931954dc25c93b7c026a31de88edc3bb2466cc37,96
931b36a3aba416f42c0e1dd2c0a481124afa36a3,96
01920319ae44abdf5a8de2b6f0405e65e2ad3d41,96
7cee654fd42e807c769fe7e516ab786211584d71,96
2075fd8f519895e488fd3b3dab1d41381a1d9ab1,96
f7e073e6df5bd8c6ff423c602fe5314ed52a0cdd,96
f7aba9b064a12330a00eafaa930e2fe8e76e65f0,96
05e297b730ca30756d793ffc37d3326294ba91b2,96
6685496591e9ad1ccd39dd1edd4eb33dfa0b932f,96
b6f4c59dcd97b2e72bb1deac7a968e506a47d855,96
11e32ce5cdc68dd334ed8bf093ee55077d039e94,96
862c023f847fca09fa316211cb129b4368a82fa9,96
2801dc085086cac094c89f4db374d67508667378,96
d02bae47fd93325fd0cc3d660b73d8f93c4d7b5e,96
218b7e92625bfd535a5672b2444bf5143f473d8b,96
778a9fe6c408211a41cdb7f17a32e1e42f5641f5,96
c1719f276d0eccb367e058e717b9f98b844b2db7,96
72c9dbfb16ec69ca96284de891fa81fe92c63e36,96
420e51bfe04563b165a03f1fe7234cbedfcd7c99,96
e51c377490b46fb13863765570da529a7a1470e1,96
e4df49b9699132d4a633b609ca62183c66892e61,96
c1be3b2abb4429d6fc1a79da6c7fda0e1e43cc84,96
34f300eec4d4355ecaafd31543d257970aec497c,96
40c23844682ecfff6a3849691f2404d9c9caf6bd,96
01da73c4ec1355f953ad0aaca3ef20e342aea92a,96
34e4c8cbe7f632da5b0ba74a12c37b14e66c312e,96
2501ee0264940a2abcfac50de71a4fca34aa4f56,96
fac97abc85c0403f309056f51724e555f0d7daac,95
23fd1ce9357f07eb7e504fd494595b73933e4cc7,95
d0b8f4feb248c994d25e6357c1ec9820beeca5ce,95
73ae21ab2f9dfcca5c1df39b1c915f77949c047c,95
d78099833dfee222d824c6260520c2d4339f6ffd,95
fe24bc3778f5ee7b7605ca1d1198507a002bf858,95
b070ce4846575e283612d8469f54ef8c1225a4b3,95
eccd7ddc52ead41c0fb0b39be3867483acc54f91,95
0e7357cf17c91dba0b2bb4992c7a18c6138e1222,95
afbb1a0dbe7f992c13bc1ae22b7c32ff3e7a485e,95
c1f952b7d9fa44e266fbef8a2e2e38c4c0ea34a6,95
33a0e15473850baed31acecbd20d1f972cb1f2ce,95
eb7b67d41180d0dff5f04e4d9c85e25345d72ac9,95
1220e8d0b63b2bff230e71f11a686d1d6c63bedc,95
e113a406a1a2c1d05f144a1c3475b2af2e38cceb,95
f7aee6e4cad438d7ccb3599c5a2d5d694250afbc,95
4c791f9539bfe0ac7de517b17ec489f01c52477a,95
07230c869ff3d22b407bd1ae04124f671a30e97e,95
c7e2b018dd77886458fb6d0f5c4913af7f028d86,95
c7f617bfbe2bdd0d113e77a5959e2b5bb5619846,95
ac2c932f8c2df20d7bc39fd97db7397eceb9cdb5,95
4d4fdd2f9ed08d8d9aaaa210827abf10ca408065,95
8526b4b58dbe41529237e623ab5867cfb50b7ccf,95
f7339617bb438250e77a4fdbd4d5e6b7ddb2aedf,95
b76445f2ecb07143a99f604598fd84994d221e07,95
66c991d3dd46667efc79c5ff2eb97df788851899,95
6f6203b0f552c27f691d9d7e7c87d038e4bbee4f,95
6f3deba69e2083020da61c38387636231bcb012d,95
bccd001dad97ee057f5b1fc59add28af8f201ac9,95
5673a779d66d008053a846b29ab6a506567fba90,95
bf6eb1f50a1f65382ba415e566ea330fdf1f40dc,95
98a3093d0ecaedefc4fa01f1a44c6a8e8088045d,95
362a958e3d0cd6b0bb774b2f6094a2adba0246f9,95
1b48184dc077f1c9bf1d152984d251e73e8d551d,95
98ddbd0b3ca6617b69ff0070c4e467534792ca8f,95
5964c8b9cdda94ca0a73bc148bb33043e10624c4,95
bf1964d66eea31d7068de1aa4c96bb0a03944826,95
3671f603f17653ce068535ff350eed664b50577c,95
924e7f2e64827b1b2d83fd6b165534427753bd1d,95
6e4412105de91f33fbea0719766e1ea9121685bf,95
6e1c24586d0dfeb608e0442a8a1ce772afec03a6,95
e7628cff82cc8ac20b396c2c19b0cf157b91cc31,95
aa4523a4de7d7458a966696b2e26b192a8aa275c,95
62253453edde111ef79c292b4ffd3f604e05f8ea,95
6d330800687ee1b85d4af30bff6bc41638f21524,95
dacd060557ddb8bde780e0c57e975baeb940392e,95
4d8815b45a57d8958cbffbd4eeb7780caadb65bb,95
3d8bc3394bea12d5f89b66895d11d237529f41fa,95
9ea8d3ad669cafb286f8eb79c281838645ff7e08,95
6060ea8c8475d22450a09824bf53795ad08a61c5,95
09d12ff79b38a83024d62d012f1e5e5472d196f0,95
9c0c590ab0365d96b530cfffac56859c003f4f27,95
88ad1ea01e9635ecadcff10a19c05d1b1cbe90b9,95
51ba007818d8af72883d799233789a0d8d6dab69,95
9d204c1988afeec88aca81c6af6d74833189e392,95
8ac1501062fa080b2ee0bee4097383ad165b3cba,95
285d23ea20ab8138e63889669b091704a1787278,95
8de85c61f8d8cc75355744f12d6d83cbdd35a7c4,95
3ed0395ea40426afc1fdaeb42023376d8b5e3792,95
189ecc863e6b562aeca816044db1c2e830998d7c,95
b3fde2f7ce3d6d388d84fd023b717dd6b6a285fb,95
dd9919d12db76ac8609078114c41098e44b732fd,95
5e01d9928ea32d1d3ae2f3263b6ec6c165dc2d76,95
52df0f94fc050669434f37110769e2244767437c,95
0fccef1c29deddb1e2a007ee9c1edf63149aa6b3,95
089f0154f9c82651c1abd3653bdf15823d6294b0,95
625da3468e30a62a0ea60742297e8a9590a78803,95
5daf60385e5ac2aa634a74f036d43d347adb09e1,95
0a20e30d649d74afaf57b366577c312528efb9c5,95
602b53c52edbbc693b4a2125d2e7ccd0e285abad,95
4b8dac0296e647b5722c855c64415c65c5832910,95
87a692bff2693d8f9c1b590dde644736ee28a13d,95
878196a6e73837609454d05c01a995afa4b447f0,95
51ef4a82a7044b1372c53b2ea378adef58bad9dc,95
4a845975e70243f65bdb093d9d1db52280306b11,95
4a7654371b2c23584b5329439e3e3f8d2a3ee1ed,95
cba850cd68f9096fae1e02b2255d7edc53a87a6b,95
659c4f92f365cb33695fa0528fcf7be8acd9d037,95
cb5c0d33d92e4910daa24825db8af9b64e17c33c,95
b69f8ff0d701bf50982a4e60c33794c23939e9e4,95
3c417d67b9cc774092bb87221873aee3403f0878,95
9b4fe6e006023ba449d6db9bc33c2732428a1f28,95
30f7a45a4a4e899383cf2b5b41865fd52112858a,95
ed68be0e6c90ddbcab9b037afb93c4b9335a9b3d,95
9c6b7843291e6e2e6a93baf7119916612bc58156,95
52a77dcf83cf38f62f6857bb01c5c3c8ae11f4af,95
39c3784d43c0fe8845396ff1a9dde62cd4667d3f,95
601fc9ec98e0d2d725521d377194e743e8c6b820,95
313edf5e5b19b4f29a1f927142c3fe366de086f0,95
f549f28473fc82d1697dd671d0b0fd29c8f227b3,95
cda6d8ba5ca2f82ffbe75388cfef7e42ce97950b,95
2baba0cba8241fda56871589835e0b05ec64ca41,95
a1754f7c9f7faccc4e83c9c2a768b9dabeb4d50a,95
8315eb13e8c712a5bfb9f6ad26b577fe7ad85c7b,95
ba8ec79997bf5010d68c082663a311b24e618a64,95
138b03da5c5f7403fb1a9e9a272767468cd60571,95
2d3b1331fdd020c9e92c6d6d149124b421eef053,95
a694d3e930a17b9c32de31ac266f1637e8ddc6d2,95
e9b80b4cf85d7709583dff27c1f51b289cd1e152,95
b3e7d9f1a3cdfc3f754793d55044bd2ca65922e4,95
8545d4515e27c092bd25d30eb1deb4fdf100af92,95
f712b9b486475adeeda1d298b15a7774ef0b9a26,95
7d7092cbbed161b252018a9aced9b5adc556a71f,95
ea431dc0b54a79d1c22f63db97f5dff638390d98,95
1238b65555ebc62a386e54f7a4bfb84fe7d82a14,95
e366d4ee1affbe1510cdd4190c02dd0ea7eb2419,95
032ae88a145cc8999b9713310cb3519fd08ef447,95
92f63630adce6948ae3fed5701d46cd5c62c7305,95
5ade40e345817b739b91c6b4615efce87f9d7c57,95
984e50732c782449dc83047c1e539dbe47cb8cdb,95
985bcf66cc78f67316b50f233dcb35aaa539b219,95
b26425b3584d44111a32791a2d642af77b9ee82f,95
725d745e989f26cfe36480380b0669c598c1af98,95
e6c0353e8b6ce79814bba28c0eeb08c0268dec45,95
e69fdb1cddd01d9aabd119e4a16a74cec1164eb5,95
e6b4d317bca041c3f57c6755506f9da528f5d1c9,95
fb9284715e9b0d08153caa34c35bfaed76edc31f,95
7b8d043b73c320df4248b406f3c2c5d352fbda31,95
e35f233656ab7d4f1c5fa5bb4137ea15e06a7d85,95
6f25e6df2e18370e5fc5fe5ad929ab98614a3ed1,95
f975c3dec242e71d1d3066ec1cdb4a9e8640a208,95
7f9f76d38dc25d631bb0103b72155fced4c36059,95
0a1d0447cce6215e436d20c91a790767181602dc,95
4115dfee5a7fa7db80d7d6093df4ba3748a6dd03,95
7833024b8ef744f3d0c332b95c8c46b284ef5c20,95
1353034b41a3c1e966137bdcf1c240e22bf82117,95
137d2ed2a7002d3bc4f6f167c8afc5e38fe64c23,95
7741536ee155f1d25ef782dfbfb5222fc6f2eae4,95
aeab8114f8920a0522f422618c5b9a2c618527c3,95
cf15099e120fe07861319692d321f1d93f23567a,95
ffc06fef1f8c21b51cb9bda3fbf103e770416a28,95
22c1557bf1d7f2d52e118d8fdcbdb3ff1fb64958,95
785146fdf1e618881710b73bdbda36774ea0eed1,95
d57153eb06d16bf1a0c555974af38714249af3c5,95
d2ea22b36d257ece9a1241c90ab31332aa6d0710,95
d35e1931ec860aa019628fb56fd8acf0bfc69989,94
d3af4200a76ce9de6f2a5ca57f94a1d4e33de5e6,94
247fca2a531b7c4f47752fe420d3636cbf2a39c0,94
d353d794b7b6a0e5861dee5607d3649ac02cd8c6,94
ff43f306252ba1f2d96bf96de69793b37fa0391b,94
78b032708d09b09404da88b72393bfce57568d1e,94
7874175d57e1dddbe13fbdaec4fe99d6f63e758f,94
478afeb45241020389f3194cb2e9a6ff5e317733,94
f90dcc7d4055004a5568e2d460abe696d3348497,94
a75365c0fc4bc8a907aca56c57361a8f97c6373e,94
6b03dc2ca0bcb1f0a7d89c74e027eeae174fc5b1,94
e794f1a676b9ecb34248e4e897c455dd9ae7613f,94
038791a3369077aee232877c6ed214a69f3f022a,94
a8502b841d9fcd5d2a4c7439a13e87796aed56a1,94
a8d7fb04877c3fbf175de76fa3d2fa66c770537f,94
a8bf16be6829d8eb167b62e11517cd01623d7ec6,94
0d533ffaa4f930d97710776524ba463fe482c4f7,94
96882d6f15b6470334d431da8347ee10b389f062,94
fbdc87be46eda7099bea993ed190df3e52bcb5f7,94
7bb389db8484fc975778993befe2cc44b6e05f4a,94
34be77bae1592fce28862e21f18620ce3ee8bcab,94
b11b314a49fde7c8d901cc38abc2d55a414aece3,94
7b2ba75088a875f69e63d14e879bc9ee24557ffa,94
023746e8dcdc250ebba98aaa82ce81e27597cbbe,94
dea9e5dd1bdb586d16ad937292a72e588a5d28de,94
f334ca06fc59d6bb0ec937e87e6ed59ff7ee8017,94
26155c3072f0b82bf04d9757e0ba58f0de16b171,94
214e612ea50f2b38285e7d3a1aa429183f2f4a06,94
ad670fa9afe106b1d6fcafbbe71f40736340ff02,94
1558598e2e613b8bc1a904afd240b18a91a03495,94
70927ca3b59a50695fa8c352812590419dcf29b3,94
7d53cbf780f7112437541ee9987b76124a553be3,94
e68931be2b0d54c07e2064bd883b4a9d63c7c162,94
d649f0b03a0a6fde4046e6c18b81fbe432d829e9,94
a48e17ac1d53bb9ad0f528786e8441faf3858913,94
a4cec28d686ee53bc80dd3d79b404cf0dce28016,94
128a0e588ea30dacc771225a43780a4c83aa22a1,94
a604070fb96a040499067b2eebd2d1bdde5b5a28,94
2cf72de0d0157f716799ca530988965fadf61b38,94
e9b548addefc3d4045b3bc109c70b2561f2729f6,94
83fd884260b40c14d44d4b508193eda8c439b688,94
11bf738d728c4b41c8053a27ef0af112d2981462,94
8329f48bd4c7a1cf43a434dda99a96c605d6bf7b,94
b9f7b3b5492f270f2ba1ff1b6661ed27e03d4132,94
8e2b4f283e3828b41343c4b24549b5a5b36b6632,94
b9ddab19f88c9fb48181df2320872c60f203ef8b,94
f545742461798881cbc0c122781d9ba49ceaf759,94
dc5d41d515b905f8887602205470aa8077ce9a5d,94
1e6c07d8cd673618d7bc2299a1eea842dcaeebe2,94
ed66994d71be8071b63561c5ce860747db5a2242,94
0a5def83dc12ff5178b66a558465938b7424ee11,94
b69988a98a4f21c31a1cc42741305e454b062208,94
18c449e8be17bd57e4d20dbc936ca1cd2554e56d,94
f7c751457363e84f5fda68e527b318468f334cec,94
f71630c5c6d3158e51215ec0d53045f38215c395,94
c9bff1cc2b76c283a0fa0da30f947723fad3a63a,94
a5606a0d3ba808570a3b42be12e27a481f4cf685,94
e191f4fbbe4629cd6c3408277756f865c46f0b9f,94
d9defcd4c0fdaedfe69ffef8f986f85d35b59f0d,94
2c187df90de3f043c5f059149674941beac94508,94
647781ff7b295a43c0fafea756a6cccb540981f8,94
9ee2bba244c872ed03b5c872c6358c60b1b16dd4,94
60f543732665a4f5c9a684de3ed2b9d43c791027,94
f38c5cff3ef7040b5835d32f58e03f849beb4486,94
e01008e3337cee08d3f6aa8ad25a36012faf2f32,94
1b7c465d32320d5e3bc19a9f9defd615084b6750,94
9181b1b601b1fbdb8b193e19bb02f7602acdadb9,94
911809517285207390bcba7a73c717cdd6138bc0,94
5dc92bcf37afd74a1500ea72203b0cb09e0dee59,94
531bef9b0c386ca1ee9cc0f58c7b5f21d00d8689,94
4594a8e6956a2517df838768eb9f4aff3131ec88,94
e77b52e40f88130f2690820fb327776f66d636a7,94
5fe9f97ae8a433cacec02b6bc850c0d84fadb4d9,94
21d03936c6eb660453261ece4c211b17611ff241,94
283ca084cd3ff3640b7f2436f5b98aa495870116,94
449607ab6143cb3935e01650595473bb9fb6f9fa,94
ac6839669f1511c3a60020e42f2566d2eff0aed1,94
b2730ba4ac6b07267afb06f2494c8a31686f1044,94
cffbdd3ff97d6c238c5fd3af6b62ddc82d80709c,94
d7f22d785913db334f9adad38cf0a5538ad423e9,94
6ea17cbf58bb92adff6cbaa93529f90f255a7654,94
9ebcb75c803b4f905ca178346acc35d39d6048b0,94
076dc71fe4adebbdeddc1eae9492d63e19395017,94
515d82a74a9aade721801da71fd35f09799cffaf,94
61ef9f8f87a95fd0652ac96c9ef8151aa8cfb636,94
89c4cdacadd16dd7fa209847a7c86a076cddacab,94
9f0a988edc96dac834c158ebfe667da932bd87c6,94
8c5f25356d500adf8dd116552ce74bc704ebf7aa,94
f62868cd95235549d25243a02db4f4a3311f221b,94
87dff96c4c59bd7a6f61a75778d1bcff51836923,94
1edbc986101495e0cceabe83bb2131a730cf9914,94
3e5bd351f67941d8c23fd76171b23bd0dfe5fa63,94
a91dc7565c2162bd81eb1eb9f5e8c6300143a507,94
6dd0c6a8c1360dc74f1badfee8a980c35bb1a340,94
a96318b9904712277b29c111923b83eafc11be72,94
4647d498d89c41822940f3029108eaffd275d126,94
35fe24e9a15ff454de3bf05b1deaa830ec019eda,94
be7c27840ef33a1702f89a2546569ce6c9f1cd61,94
926f974a623c51cac02c7f5c178dc6d2f431c23d,94
c274d954a75036b7416d3c5e2e624e5c2086191b,94
90ea4702bba8adbe48d3ce7e7b33bc49699bdf20,94
549750e6b5b40e627365bdcf7f7780dbfde113a4,94
0cc4fadcb9656aed35f58ee2b6cc12b07f039558,94
0cde64e05e02bf8a6e0f257719b8222d6fe51581,94
5a773e91cc870c2267e8a8f0c7c54c0acc8f0ec6,94
c46bbcd460b0a29ea753c6f166da4a24dd45b584,94
98207d10ec231c4ee3a27886b8ba64bc62674acf,94
565b93a15d38acd79c120b15432d21e21ed274d6,94
f326db408b09cfc1a26f623b912e0ef59d48edeb,94
561ada4b0243f1d83df80d1653e9f76e84128b0b,94
7e381cd6d93adb4b1406d1f23fdcf1b223346f46,94
b3d4a0e65b139089de480612df634df342a34695,94
bcc8bf6e6517b38dc9ebe9a3806450e07465da7d,94
bcb909975715dc8fde643ee44b89e3fd6a35a259,94
e03fac550d6fd0ff9d922793bfdbf444dbfc3d29,94
4d5c8e9f3cedd850f5bd017fef11a8f78c955c07,94
b929044af6a7b7ae12ef0e653acc59f73cf9577b,94
062feffdf65acf1220b6d5dae600b925f4748412,94
a3973e26353ee11f7fd7ade385d3b1c70250bfca,94
c7e7ca618e4f2e02750e9f0d16d3b84179b8280f,94
c87968a7f12cbddb2a7f0a6df27b619cc5032859,94
1e5331c3967c04fc8cae824eae4bec1f182a10a4,94
05be410bfcc55509e2c4728127643b90748a6912,94
4f42bc7a649e136d5fa6966a4587ccf17306f980,94
c64737eae97ae7cfd95b40ff690f50d01b92ed6d,94
d62273960ec0425e35d0331f9442234f9cddbeb8,94
24e94e701c3d831bec4851aa83b0eab75dee6a0d,94
1d419c35db08d8bee2328e70251ec8766a11d71a,94
24b23bb643082026227e945c7833b81426057b10,94
7d6ec8146c44f95d55ba3f57b878a2a807b41188,94
d721fccd4fb33de315f2c5788fc44557499f4c15,94
772108ad545988da275b116c98cef7e7f042c3f2,94
7695a1d3717cfb79faab4c9d3c15d9a8d5a19024,94
7712747f2f2cb23520f86363e7caa3f90c1ada8b,94
d4d221ad5b753a6fcbb58a6c7b6b92605ca5325f,94
752f6b0bc8e3ad5be605d356c03f6f42f41574fb,93
6f858d52ff946d3a4c91fe5a7cdc408212d17a1b,93
15bbb1f27e385e57afdbeece615bd96a0882652e,93
d19fe63217a41964875069b0e7f6131e5affe2ee,93
d1aad7186a15f0619dde55d74bdde39df404ce9e,93
17d0cc96e6538b52f16c3ed03a2d3e6dd91bc50e,93
f27b2f9e1d5c6b9eb92145e8765e2fce10b3001c,93
f2b31e5768871b3ad8435edb2c54b8683a3d1a5e,93
02cbc35bcb8e49635aef2732fd8abe5776379408,93
7ba2ff9e6244308bf2967e5c50cb4a0e56ae84e0,93
351a7dffbe4b4eba06a0b583c970c4f83e89835c,93
c209cc607c81ca7d8c0bfca7bfd6144c74a7e238,93
c243e3aba71b76c1ea70e24c0295566119fd9131,93
95655aae7f5079ac99d640f5b3633156b41e7108,93
953b4c2aadb8d8bc24732fedea72a76eb497f70b,93
957e96d9e58254348acddbe4bba33e863a6a6945,93
c055845b369fea0e328f39e487115261635a75c5,93
0c0d04ea8bd13d48ebdfef821dc937a1b5a39da0,93
eb9baefe6f2ff96ce96c365e050f8810928ff7d3,93
08439047b3c1b1c6fc9a6c62a1daa191a19e79dd,93
4e421e523db0a79f8d55dc3dad8304f56a7d0213,93
05ca63f5faa9d9a05aed565ae4d409d78b4792f1,93
66baa8528eb116fd928cc12a7f428fce202e2b09,93
4d0907d21de3bb9889cc4eb46dd3d8ed69350847,93
a1bd817e13ed6bb524ed491cff76c83afec773ac,93
3b69a28e73eebdcc708448d211a2cc39f30c2e78,93
146b9ceae084cdad788aecb8b2101f9ddf088b24,93
466e776bb1360590d43f0a44df4507144b73d4ca,93
ac211fc5e6fee8a23477bca32d9b9b7fe21669a5,93
acec78653275b9a220ed2ec7714d52d633d10a16,93
b43c9bd6b8fd1816daec30075000c5f0f1a7c9c5,93
460d3bd52259d67807f78b4cc2fd497e5263f51a,93
e744bb21bc9e374c4ccf61e672422f2999c20269,93
a9995a0674202c246e4d896a6209675a2fd81e53,93
7ea6eb7787ebff09f033b10b9d6d38a462e411a3,93
b43db24008646e341245339b63de8ccbc4a0a479,93
7fd6558b81ae5e2153f0ec30bbe5d22268f17e7b,93
6cc5764190a75f60faafad1b3fdcb6bf44ec9c58,93
6db92e4c5a4a417772747ee1c277392e1cd28f4a,93
da46d014ee69d0faf02a3811b06877d47556aa8a,93
c9877ce47d5b8545a9df5bec532e55a105064700,93
2e69b51f93bf81558a0eccb2239bf66024266d94,93
dafb7362c8d2afd780e6c0828061db958eeca2c0,93
62556e44d96cf5e95f73386ce351128145cf8496,93
0808898d835d51d720e384e8a856a2c671e78f21,93
5040baebb06a7699867574db0945f9c629b8b2be,93
10f02f04d44497d3fb4a7197bdd9198098a63257,93
51b9d5d8b4c1b86f4dae48336bb89c7843b93dd0,93
5164d58157efff6b3f8582aff2b7c0a4a1d05c2e,93
505e72764ebb80181717555cbf1010cba2fbdb8b,93
60d64ba3b0928319ca32705ecd56d8e8aca8fc15,93
6115a54940b2ded07597a89e46e5b92dc546ab14,93
51738ac5993d2fe4535798e31dca7b71740a1e38,93
a9bbd5b83ffc706342555e4a38c9c06b2e7441e5,93
b781779eda55667cb65bc41cad92c0bd34a5878d,93
64b3122c293e301f9f1dfda823bdc6395d924129,93
879aff2c8d6e2f42f05441c4ae999e7815770bbd,93
64f898506defd0b944fa3054159dff948ceb604d,93
da0285ff49800536a53cbef7a7188da10a656efe,93
2d0b80e668c4ab4f90a912eb21cf292175f64838,93
cb6a47315735b399670bafe9f90fac29813ae3f5,93
ca41b76938745eaa15f8a68fee3719f8cf255ca1,93
b5d70109847cbc4aef541f4ad19c741f8b3dbe1e,93
b6277cb5a2abd2b296c1d7f61a8f24c2d4942f9f,93
833148af2e5888699feb9211c43bc10ed4b2187f,93
b609547d9a2d0fea521bb46893996c0739f3b6e9,93
522b8a809836a42374b6b34772767cb62fd1e272,93
5369a20d70ed012d0891e79f776272184a8b4fd5,93
0a09cd09b0107bb98a83f211704f036eca94b92e,93
0a719a1c3d997ee54ee317dd02617ed7edb53e00,93
9af3a0575a0702516386973cf2dc4ed7a6b6cb42,93
54722bc4b823b9c46da6c6dc84f28df3e7eba07c,93
c4ffed5198aba912b1f9b6890779702c78062c44,93
1d990a3f5f757a06b8afd64e97f9351a1a11f9b6,93
1daa25c573fb6a03284b0de08910e260a408601b,93
ec73df5818e7aabe13a8df21f867b259978f7aa6,93
9e10b3860779dc928822d786eee110947eef7643,93
38227d153f7520e78ae9c9119974be6eececaa05,93
38a527703174f896e1bab23a1f84e474f6bd7197,93
609c68944b7fa12ad379377db56cfc93e5fa5c4e,93
da336be47184c9d221f8f0986099cdca5ed569d1,93
68df7bcdaba7641dc40b4a908ba1bdcc521d9930,93
6a24327eba27b4640fdd65c2610457584fa1be14,93
831a0249a4016ab6381abe60a1de17532298e0b4,93
823b92d6a4b2aed4b15675c7917c9f922ea8adad,93
2a62253e49e0f0224a6da25fc2a15beecad8d065,93
125f01528c157d362c3f42f2d817aec504c7e065,93
3d5ee97ef7305246cd55a8793da67d9183222670,93
7d957aa56820212bbd4c7667ad5e3e39215048a3,93
6f15e6abca95540e8d8280ea265a01491b5c0194,93
d85426ba0492aee38814bb5d6b9ec1c042712c46,93
4527c75dfc50a5390dc663f81b627c39e7b9acad,93
d04b5f64cc6f01b89bcf05c8d2286e9ba744ef85,93
151a64570e4997739458455ba4ab5a535fd2e306,93
f4c1d56c3f7dc644f1b7d1fe6bd94a5f21f3e64e,93
f48e239bacc7cfd731570796a3aa4f324139c888,93
f48ea2e715a3fd6af43dfc3800a3da9ae785d3da,93
08c8107fd614fe75fb8212cfac0b5d204d9b37fa,93
08a9bc278d07ff55a344e9ed57cb57594e9ea9df,93
8b65a76d8825d746eb1bc8c8efec842c00bc8c3c,93
f218466013f3957d307c72154dbe466da2aaec17,93
5f2fe5bb9f42e3ecc6791a108cad4e6b468b5a2d,93
f3a4028cd9f794433b1d84fa48686f50d219d981,93
0fc03918f16b6def9447b03bf9dea51741a3ae4b,93
9b5cf6637d71a82758bcaaa2ae5b6efd349c2a19,93
09ae8298fb048e0c7b12f6ac0d38c6f0a2430e0b,93
bcef8391a2de02913af369bde6d196b3c26f4770,93
bd0310dcb5678a02a6268526cce1c907e674ba8e,93
9079a0a7e0ebee7650c8c9da2b6946e5a5b07c19,93
5557d2ce565941641ee9ec7fbc4c2da31526a7ba,93
981c549a74dc36bd82fed9097bc19404e8db14f3,93
572bb358259dd732b5adff560e34a398680a75bb,93
971ff25edbc09706b157a5c239a76e329e8e486e,93
574ccf14154cc872e39ca074beba10d1c8add1ac,93
56c3b93143927e79cb48147b5820c10fe9cdca41,93
c1115a27c6abc21a72c25141374810091cf7c39f,93
59eb9490e65680eee103736e489b35ef57a3125d,93
311bf6e6b6d416a808adf524b2fba791bf257e19,93
c312d98aeaefd08bdda4cfad28dca3ecfd10d831,93
be08f6baf0d6b289953b7014bf51640242cfb56a,93
47cd602ad02d7d7da808d1af05025e20ec2c7916,93
6bd6655a5c379dbf4ae32f345319794700f22b56,93
4758a12fb01dc7cad5741246b9e2eb59ae1ef38b,93
